{
   "abstract" : "traceroute(1) functionality in perl via raw sockets",
   "author" : [
      "Tom Scanlan <tscanlan@openreach.com>, Andrew Hoying <ahoying@cpan.org"
   ],
   "dynamic_config" : 0,
   "generated_by" : "ExtUtils::MakeMaker version 6.30_01, CPAN::Meta::Converter version 2.133380",
   "license" : [
      "unknown"
   ],
   "meta-spec" : {
      "url" : "http://search.cpan.org/perldoc?CPAN::Meta::Spec",
      "version" : "2"
   },
   "name" : "Net-Traceroute-PurePerl",
   "prereqs" : {
      "build" : {
         "requires" : {
            "ExtUtils::MakeMaker" : "0"
         }
      },
      "runtime" : {
         "requires" : {
            "Net::Traceroute" : "1.05"
         }
      }
   },
   "release_status" : "stable",
   "version" : "0.10"
}
